school_id,lattitude,longitude
100003_149905,51.4807993,-0.1447155
100003_150162,51.420386,-0.2102612
100003_150163,51.5099731,-0.1406797
100003_150164,51.4594566,-0.1317212
10_SC010255,51.4436611,-0.2128335
10_SC042132,51.44873579999999,-0.1584242
10_SC044128,51.4820151,0.0421996
1_SC006927,51.4165806,0.0817411
1_SC017403,51.48502190000001,-0.2443637
1_SC400622,51.4902265,-0.0419955
1_SC485109,51.5902015,-0.2407955
21_100000,51.5141068,-0.0774826
21_100008,51.5286469,-0.1243827
21_100009,51.5510818,-0.1988447
21_100010,51.5470555,-0.1278334
21_100011,51.5637967,-0.1449039
21_100013,51.5322728,-0.1311783
21_100014,51.5534103,-0.1612269
21_100015,51.5428728,-0.1433191
21_100018,51.52786469999999,-0.1406213
21_100019,51.5578194,-0.177541
21_100020,51.5392738,-0.1519486
21_100021,51.5478568,-0.1501433
21_100022,51.5355424,-0.1355969
21_100023,51.5496252,-0.1322039
21_100025,51.5542961,-0.1534079
21_100026,51.5533809,-0.1759409
21_100027,51.5550936,-0.1383652
21_100028,51.5595129,-0.1757117
21_100029,51.5301776,-0.143555
21_100030,51.5519296,-0.1946969
21_100031,51.5563149,-0.17925
21_100032,51.5461439,-0.1777662
21_100033,51.5439761,-0.1454467
21_100034,51.5496181,-0.1402239
21_100035,51.5518784,-0.1663382
21_100036,51.5198267,-0.1115675
21_100040,51.5219944,-0.1161106
21_100041,51.5160065,-0.1224153
21_100042,51.5404546,-0.1937492
21_100043,51.5317235,-0.1339408
21_100045,51.5494976,-0.142754
21_100046,51.5418522,-0.1630618
21_100047,51.5404156,-0.1939478
21_100048,51.5388842,-0.1367445
21_100114,51.4705079,-0.0143076
21_100115,51.4765576,0.0317996
21_100120,51.4568619,0.0350991
21_100125,51.4841434,0.0265155
21_100126,51.4845563,0.0979984
21_100127,51.4579458,0.0528928
21_100129,51.455232,0.0404765
21_100131,51.4624696,0.0432265
21_100134,51.4789007,0.0210795
21_100137,51.4841707,-0.0012849
21_100140,51.4783755,0.0749474
21_100141,51.4815448,0.0264134
21_100142,51.4859497,0.0412893
21_100146,51.4379976,0.069851
21_100149,51.428249,0.061812
21_100152,51.4952591,0.1105754
21_100155,51.4908929,0.05339170000000001
21_100158,51.493975,0.083545
21_100159,51.5075405,0.1132036
21_100162,51.4790886,0.0852584
21_100163,51.4885509,0.0614538
21_100164,51.4769975,0.035271
21_100165,51.4881969,0.006363400000000001
21_100166,51.4703617,0.0599377
21_100167,51.4510527,0.0568036
21_100168,51.4812455,0.027771
21_100169,51.4868556,0.0061621
21_100170,51.5580206,0.0117671
21_100173,51.4877847,0.08507450000000001
21_100174,51.4814286,-0.0126058
21_100175,51.4866661,0.0692951
21_100176,51.4624106,0.0446976
21_100177,51.4914077,0.1153485
21_100178,51.4601588,0.0308956
21_100179,51.4812819,0.06727609999999999
21_100180,51.5014359,0.1139158
21_100181,51.5088393,0.117769
21_100218,51.5456454,-0.0433855
21_100221,51.5490239,-0.0707526
21_100223,51.5522568,-0.0375993
21_100224,51.5457902,-0.0735639
21_100225,51.5451278,-0.025721
21_100229,51.5372278,-0.0457102
21_100230,51.5377441,-0.0584057
21_100231,51.5559197,-0.0513181
21_100232,51.54649819999999,-0.05074919999999999
21_100234,51.5407491,-0.0484021
21_100235,51.5380585,-0.0702974
21_100236,51.5333505,-0.07470979999999999
21_100239,51.5529203,-0.076872
21_100240,51.53333139999999,-0.0650139
21_100241,51.5528689,-0.0719351
21_100242,51.5636204,-0.0536428
21_100243,51.5333457,-0.0914506
21_100244,51.5691803,-0.0662425
21_100245,51.5349061,-0.0863842
21_100248,51.5730275,-0.0928221
21_100250,51.5531421,-0.0343165
21_100251,51.5698765,-0.0821628
21_100252,51.5549522,-0.0838298
21_100253,51.5665291,-0.0657535
21_100254,51.5561024,-0.0603858
21_100255,51.5576275,-0.05852
21_100256,51.5669497,-0.0543409
21_100257,51.5704085,-0.0749546
21_100258,51.5644404,-0.08287800000000001
21_100259,51.565002,-0.09934699999999999
21_100260,51.5590896,-0.0664555
21_100261,51.5570672,-0.040077
21_100263,51.5457902,-0.0735639
21_100264,51.5448205,-0.080299
21_100266,51.5310414,-0.0817716
21_100267,51.55283,-0.0789885
21_100268,51.5286088,-0.0805058
21_100269,51.53747629999999,-0.0653362
21_100270,51.5402987,-0.0506662
21_100271,51.5618105,-0.0818336
21_100274,51.5583382,-0.0600008
21_100275,51.5655706,-0.06850529999999999
21_100321,51.4993887,-0.220376
21_100322,51.4945433,-0.2063572
21_100324,51.4993417,-0.2327682
21_100326,51.5051126,-0.229305
21_100328,51.4986165,-0.2246101
21_100331,51.531513,-0.2347875
21_100334,51.4863389,-0.2206945
21_100335,51.5186902,-0.2455087
21_100338,51.484111,-0.2066921
21_100340,51.5029759,-0.2493964
21_100341,51.5113169,-0.239856
21_100344,51.4727083,-0.2152671
21_100345,51.4756914,-0.1975474
21_100346,51.4979779,-0.2366945
21_100349,51.4784721,-0.2080341
21_100350,51.4987177,-0.2163067
21_100351,51.4901418,-0.2268219
21_100352,51.4921172,-0.2399891
21_100353,51.5057295,-0.2277432
21_100354,51.5026716,-0.245661
21_100357,51.481614,-0.2075143
21_100397,51.5625094,-0.1009084
21_100402,51.5512022,-0.1050921
21_100403,51.5668593,-0.1238908
21_100405,51.5606039,-0.098785
21_100406,51.5595539,-0.1192963
21_100407,51.5330726,-0.0985476
21_100408,51.5643155,-0.1399117
21_100411,51.5445952,-0.1033269
21_100415,51.5289827,-0.0993568
21_100418,51.5599304,-0.114731
21_100422,51.545384,-0.1199759
21_100425,51.5403542,-0.1092755
21_100426,51.536274,-0.119229
21_100428,51.5310706,-0.1181849
21_100429,51.56107309999999,-0.1298638
21_100430,51.5542478,-0.1298918
21_100431,51.5538143,-0.092306
21_100432,51.5735956,-0.1237195
21_100434,51.5220113,-0.09272119999999999
21_100437,51.5502379,-0.1135911
21_100438,51.5339051,-0.1050021
21_100439,51.5623034,-0.133561
21_100440,51.5580547,-0.0996999
21_100441,51.5681038,-0.1395701
21_100442,51.5481318,-0.0790551
21_100443,51.5267012,-0.0919258
21_100444,51.5633654,-0.1199636
21_100446,51.5394564,-0.0998546
21_100447,51.5255103,-0.09966019999999999
21_100448,51.5378662,-0.1152366
21_100449,51.556969,-0.09797090000000001
21_100450,51.5659602,-0.1149481
21_100451,51.5368723,-0.118612
21_100477,51.4814814,-0.1782077
21_100478,51.5233982,-0.2145728
21_100479,51.5210123,-0.2081347
21_100480,51.4898701,-0.1867834
21_100481,51.514436,-0.2041344
21_100482,51.5072602,-0.1970037
21_100483,51.4924019,-0.1645094
21_100485,51.5173777,-0.2176447
21_100486,51.4839509,-0.1767329
21_100487,51.5106035,-0.2143581
21_100488,51.5155692,-0.212138
21_100489,51.4855167,-0.1643508
21_100490,51.4928957,-0.1567324
21_100491,51.4902668,-0.170052
21_100492,51.5240362,-0.2081993
21_100493,51.4976026,-0.1981501
21_100494,51.5124089,-0.2152484
21_100495,51.5089946,-0.2108414
21_100497,51.5020092,-0.1923012
21_100498,51.4890893,-0.1935769
21_100499,51.5247375,-0.2107605
21_100500,51.4845245,-0.1830179
21_100504,51.4928395,-0.1794249
21_100505,51.52165489999999,-0.2148258
21_100556,51.482275,-0.1164005
21_100560,51.464826,-0.1378568
21_100564,51.4141089,-0.1420812
21_100566,51.4700778,-0.1428457
21_100567,51.4444089,-0.1427906
21_100572,51.4601375,-0.1004958
21_100574,51.4269882,-0.0895685
21_100576,51.4703464,-0.1308515
21_100577,51.4233086,-0.0816711
21_100578,51.4477546,-0.126627
21_100582,51.4661718,-0.1167785
21_100584,51.4561116,-0.1268394
21_100585,51.4295582,-0.1239152
21_100586,51.4430867,-0.1375477
21_100588,51.4894099,-0.1171987
21_100589,51.4942232,-0.1128426
21_100591,51.481551,-0.1260493
21_100593,51.4231486,-0.1101398
21_100595,51.442762,-0.1135631
21_100597,51.431463,-0.092823
21_100598,51.4735623,-0.1277707
21_100601,51.4524548,-0.1324157
21_100602,51.4313847,-0.1054864
21_100604,51.4783949,-0.1265879
21_100609,51.4914452,-0.1098049
21_100610,51.4764204,-0.1084252
21_100612,51.4637949,-0.1481175
21_100613,51.4678594,-0.1221522
21_100614,51.4783687,-0.1035841
21_100615,51.4680918,-0.1086489
21_100616,51.4544666,-0.1056254
21_100619,51.4851634,-0.1194754
21_100620,51.462633,-0.0980671
21_100621,51.4798865,-0.1219436
21_100622,51.4470176,-0.1191623
21_100623,51.4670871,-0.1141038
21_100628,51.447848,-0.1432397
21_100629,51.4853062,-0.1192366
21_100631,51.4453056,-0.1348424
21_100632,51.4246303,-0.1263839
21_100633,51.4192062,-0.1305755
21_100634,51.47631,-0.1149692
21_100636,51.459499,-0.1379792
21_100671,51.4299843,-0.0422433
21_100672,51.433829,-0.0228114
21_100673,51.4446344,0.0112409
21_100674,51.4567881,-0.0372758
21_100676,51.4372773,0.0209167
21_100677,51.4437936,-0.0426024
21_100678,51.4870481,-0.0365538
21_100679,51.428594,-0.0008786
21_100680,51.4706643,-0.0482783
21_100681,51.4286289,-0.0234131
21_100683,51.4341784,0.0036914
21_100684,51.4550528,-0.0280592
21_100685,51.481262,-0.0300554
21_100686,51.4275842,-0.0369843
21_100687,51.4513681,-0.0048044
21_100688,51.4473589,-0.0230577
21_100689,51.4647935,-0.0381367
21_100690,51.4327238,-0.0622699
21_100691,51.4752865,-0.0512053
21_100692,51.4268126,0.013448
21_100693,51.4521227,0.0027373
21_100695,51.4717967,-0.0281551
21_100696,51.4288737,0.0328146
21_100699,51.4242269,0.0032222
21_100700,51.4395049,-0.032088
21_100701,51.4421994,-0.0147266
21_100703,51.4427392,0.0003618
21_100704,51.4469716,-0.0421868
21_100705,51.4494169,-0.0393152
21_100708,51.4364712,-0.0017053
21_100709,51.466283,0.0061321
21_100710,51.4466441,-0.0543871
21_100711,51.4362344,-0.059194
21_100712,51.486858,-0.0418011
21_100713,51.4705836,-0.031696
21_100714,51.4441139,-0.0584338
21_100715,51.4369235,-0.0472357
21_100716,51.4695832,-0.0252095
21_100717,51.4540169,0.0082882
21_100718,51.4378966,-0.0406329
21_100719,51.4695017,0.0035454
21_100722,51.4273655,0.0089433
21_100723,51.4357375,-0.0555427
21_100724,51.4603324,0.0041921
21_100725,51.4240963,-0.017014
21_100726,51.4311396,-0.0552584
21_100727,51.4746788,-0.0385776
21_100728,51.4278526,-0.0099898
21_100729,51.4790819,-0.0246205
21_100730,51.4550344,-0.0153649
21_100731,51.4289215,-0.0406597
21_100733,51.4599878,-0.010016
21_100734,51.4706803,-0.0241594
21_100737,51.4443511,-0.0393343
21_100739,51.4421994,-0.0147266
21_100774,51.5003471,-0.0515645
21_100775,51.4644997,-0.0680244
21_100780,51.4806148,-0.0632379
21_100783,51.4775456,-0.096515
21_100784,51.4896369,-0.100822
21_100785,51.4715991,-0.0952349
21_100790,51.4501961,-0.0669761
21_100791,51.4954768,-0.0821208
21_100793,51.4531189,-0.0738195
21_100794,51.4676013,-0.0535245
21_100795,51.4851934,-0.0548114
21_100796,51.4614009,-0.0469032
21_100798,51.4822236,-0.1003936
21_100800,51.4868336,-0.1050967
21_100801,51.4301715,-0.0831468
21_100803,51.4860792,-0.0895047
21_100808,51.4990406,-0.0636858
21_100809,51.4894833,-0.0936031
21_100811,51.5017467,-0.0843113
21_100812,51.4938991,-0.0580572
21_100813,51.5013432,-0.0763957
21_100815,51.49285769999999,-0.0935781
21_100816,51.4961857,-0.1049309
21_100817,51.4863483,-0.0680225
21_100818,51.4804259,-0.0559559
21_100819,51.4988507,-0.042818
21_100821,51.4737404,-0.0811187
21_100822,51.494166,-0.07592789999999999
21_100823,51.4516267,-0.0870623
21_100824,51.4909335,-0.0881037
21_100825,51.4743407,-0.07314559999999999
21_100826,51.4778997,-0.0650447
21_100827,51.4797984,-0.0834234
21_100828,51.49771879999999,-0.1065022
21_100829,51.4971282,-0.0690317
21_100830,51.4630774,-0.0721045
21_100833,51.4958584,-0.05180000000000001
21_100834,51.50269790000001,-0.0931099
21_100835,51.4970626,-0.104779
21_100836,51.4685864,-0.0631023
21_100837,51.5062054,-0.0425674
21_100839,51.4864087,-0.091963
21_100840,51.5026604,-0.0945818
21_100841,51.5002985,-0.04148300000000001
21_100853,51.4792556,-0.0994545
21_100854,51.4792556,-0.0994545
21_100855,51.5008097,-0.1032131
21_100890,51.5206813,-0.0389851
21_100891,51.5294725,-0.0483278
21_100892,51.5271174,-0.0128899
21_100894,51.5155753,-0.0387054
21_100895,51.5104314,-0.053562
21_100896,51.5333739,-0.0386891
21_100897,51.5284231,-0.0716546
21_100898,51.4947239,-0.0094331
21_100902,51.5292282,-0.0516875
21_100903,51.5251287,-0.0591997
21_100904,51.4894959,-0.0203699
21_100906,51.5232003,-0.0513774
21_100907,51.5298758,-0.0627692
21_100908,51.5307932,-0.0567385
21_100911,51.5140148,-0.0460367
21_100912,51.5231656,-0.0136897
21_100913,51.5121198,-0.0199999
21_100914,51.53282859999999,-0.0551294
21_100915,51.5102938,-0.053546
21_100916,51.5309787,-0.0371176
21_100917,51.5184308,-0.0518409
21_100920,51.5184998,-0.0126355
21_100923,51.5238785,-0.059273
21_100926,51.5270573,-0.0747053
21_100927,51.5256801,-0.0249473
21_100928,51.5102644,-0.0095487
21_100930,51.52190539999999,-0.0658711
21_100931,51.4985505,-0.0239347
21_100934,51.5196091,-0.0633294
21_100936,51.5052437,-0.0651666
21_100937,51.5258684,-0.0515843
21_100938,51.5178413,-0.0361466
21_100939,51.5127579,-0.0588443
21_100940,51.5160756,-0.0646896
21_100943,51.5239413,-0.06674809999999999
21_100944,51.5188113,-0.07172810000000002
21_100946,51.5142975,-0.0332404
21_100949,51.5277783,-0.0185583
21_100950,51.5212788,-0.0663089
21_100951,51.4909863,-0.0225754
21_100953,51.5304675,-0.0540067
21_100954,51.4895202,-0.0052812
21_100958,51.5182622,-0.0291678
21_100959,51.5098212,-0.0658443
21_100960,51.5077847,-0.0550146
21_100961,51.5166984,-0.0168638
21_100962,51.5126366,-0.0711436
21_100995,51.4483833,-0.1496038
21_100996,51.4547307,-0.1865143
21_100997,51.4440854,-0.1829338
21_101001,51.4614272,-0.207116
21_101005,51.4412996,-0.1850462
21_101006,51.4679123,-0.1748267
21_101007,51.4365202,-0.1633404
21_101009,51.4218868,-0.1533428
21_101011,51.4543549,-0.1626403
21_101012,51.4543549,-0.1626403
21_101013,51.46428,-0.2208954
21_101014,51.4695989,-0.1529697
21_101016,51.4230706,-0.1446878
21_101018,51.446367,-0.1987032
21_101019,51.4234223,-0.1681831
21_101020,51.4684905,-0.156688
21_101021,51.4310385,-0.1788434
21_101022,51.4530576,-0.1874318
21_101024,51.4560561,-0.1984718
21_101026,51.4471085,-0.2035598
21_101027,51.4446327,-0.2147389
21_101028,51.4553278,-0.2324392
21_101029,51.4466565,-0.240911
21_101031,51.4494847,-0.2161583
21_101032,51.4419079,-0.2131627
21_101034,51.4676828,-0.2302378
21_101035,51.4674494,-0.1672002
21_101036,51.4479258,-0.156843
21_101037,51.463667,-0.2212246
21_101038,51.4489716,-0.2376046
21_101041,51.4562175,-0.1891464
21_101042,51.4266335,-0.1658921
21_101043,51.4578623,-0.184695
21_101044,51.476694,-0.1392386
21_101045,51.4597805,-0.1988505
21_101046,51.46615569999999,-0.2209319
21_101047,51.4426591,-0.1552432
21_101048,51.4764704,-0.1464659
21_101049,51.4500721,-0.203942
21_101050,51.4573442,-0.2427567
21_101051,51.4477179,-0.2205131
21_101052,51.4352851,-0.1559272
21_101057,51.432312,-0.1603404
21_101107,51.5332065,-0.1689816
21_101110,51.521717,-0.1896192
21_101111,51.5282273,-0.1944574
21_101115,51.5374042,-0.1777005
21_101116,51.5149404,-0.1864101
21_101117,51.5356003,-0.1707233
21_101120,51.5273895,-0.2097608
21_101121,51.5196166,-0.1395146
21_101122,51.49539,-0.1354542
21_101123,51.5167544,-0.1638088
21_101124,51.5212025,-0.1913331
21_101125,51.5349223,-0.1898191
21_101126,51.4900721,-0.1518869
21_101127,51.5134963,-0.1192008
21_101128,51.5232942,-0.1663739
21_101129,51.4860001,-0.1419268
21_101130,51.5086712,-0.1498883
21_101131,51.511709,-0.1344253
21_101132,51.5129927,-0.1793922
21_101134,51.5318156,-0.2026058
21_101135,51.522272,-0.1890046
21_101136,51.5207842,-0.1627013
21_101137,51.5181386,-0.1974962
21_101138,51.4973746,-0.1308529
21_101139,51.5238313,-0.1975854
21_101140,51.4960948,-0.1471416
21_101141,51.526071,-0.1925684
21_101143,51.5187841,-0.1522477
21_101144,51.4953074,-0.1400432
21_101147,51.5217823,-0.1660849
21_101192,51.543894,0.1021189
21_101196,51.5410006,0.07572569999999999
21_101198,51.5357487,0.0907419
21_101258,51.6013357,-0.2642387
21_101259,51.5869312,-0.2164524
21_101262,51.5884677,-0.18684
21_101263,51.5881225,-0.1838215
21_101264,51.6333827,-0.1431642
21_101266,51.6351991,-0.1575775
21_101269,51.5903862,-0.2462255
21_101270,51.6031005,-0.1537167
21_101271,51.6269749,-0.2527798
21_101272,51.6528795,-0.17845
21_101274,51.6125528,-0.2609619
21_101275,51.6083751,-0.2272494
21_101277,51.6088108,-0.273647
21_101278,51.6269716,-0.256606
21_101279,51.6560848,-0.210832
21_101280,51.6162229,-0.1966386
21_101281,51.5851157,-0.1986432
21_101282,51.5854013,-0.1991547
21_101283,51.6037808,-0.2575594
21_101285,51.6035906,-0.1437264
21_101286,51.6170551,-0.1506529
21_101289,51.6543241,-0.1670979
21_101290,51.6001371,-0.1817354
21_101293,51.6371149,-0.1461977
21_101294,51.6110412,-0.1865168
21_101295,51.6104857,-0.1842218
21_101296,51.6160243,-0.1794834
21_101298,51.6243718,-0.1934891
21_101299,51.600181,-0.1782515
21_101301,51.6454025,-0.2067303
21_101304,51.6457214,-0.2173562
21_101309,51.5926689,-0.2060215
21_101311,51.58917590000001,-0.2292776
21_101312,51.6270137,-0.1724436
21_101313,51.6270137,-0.1724436
21_101314,51.6425367,-0.1579195
21_101315,51.563031,-0.1989131
21_101316,51.6586647,-0.2119541
21_101317,51.5913851,-0.1683425
21_101318,51.6631857,-0.1866643
21_101319,51.6169578,-0.1541353
21_101321,51.6261509,-0.1772936
21_101323,51.6031934,-0.1995389
21_101324,51.6410548,-0.1607048
21_101325,51.6164771,-0.1435152
21_101326,51.6179676,-0.2255301
21_101327,51.6299106,-0.1964213
21_101328,51.6529644,-0.1531041
21_101329,51.6287866,-0.1671351
21_101330,51.6026228,-0.2610073
21_101331,51.6047838,-0.1782825
21_101332,51.5605625,-0.2114116
21_101333,51.6488494,-0.1943858
21_101334,51.6179676,-0.2255301
21_101335,51.5950416,-0.1878367
21_101337,51.5870085,-0.2326586
21_101338,51.6293237,-0.1655459
21_101339,51.6002322,-0.2416142
21_101340,51.6263027,-0.2703348
21_101341,51.574423,-0.2069573
21_101342,51.6113756,-0.2559083
21_101356,51.6351944,-0.1351981
21_101376,51.6154907,-0.2551563
21_101402,51.4593302,0.1265218
21_101403,51.4566929,0.1070557
21_101426,51.4317649,0.1049716
21_101429,51.4301661,0.0902028
21_101434,51.4351878,0.0812625
21_101437,51.4930238,0.1337524
21_101451,51.4628176,0.1210129
21_101455,51.4639021,0.1047124
21_101456,51.4481107,0.0932378
21_101458,51.4769818,0.163308
21_101460,51.4955346,0.1315323
21_101495,51.5540214,-0.2195168
21_101496,51.5470245,-0.2637475
21_101498,51.5319482,-0.2008926
21_101499,51.5372245,-0.254207
21_101500,51.5777347,-0.301078
21_101501,51.5777347,-0.301078
21_101502,51.5805489,-0.2969573
21_101503,51.5844785,-0.2700239
21_101504,51.5442802,-0.2470678
21_101506,51.5441254,-0.2890035
21_101507,51.5413704,-0.2142199
21_101508,51.5556531,-0.2462047
21_101509,51.5560197,-0.2930186
21_101510,51.5709684,-0.3001144
21_101511,51.5901242,-0.2745343
21_101512,51.5901242,-0.2745343
21_101515,51.5488807,-0.3029381
21_101518,51.5624463,-0.2556536
21_101519,51.548549,-0.2854444
21_101520,51.5414392,-0.2332489
21_101521,51.5408756,-0.2635412
21_101522,51.5419458,-0.2428699
21_101524,51.5481891,-0.2547112
21_101526,51.5620023,-0.2693499
21_101527,51.5379802,-0.2071915
21_101528,51.583595,-0.2583095
21_101530,51.5588781,-0.2256444
21_101531,51.575318,-0.2624867
21_101533,51.5453971,-0.2004112
21_101534,51.5378079,-0.2479002
21_101535,51.5330866,-0.2255846
21_101537,51.548043,-0.2519514
21_101539,51.5525625,-0.2865009
21_101542,51.5481716,-0.2286284
21_101543,51.5817942,-0.2660061
21_101544,51.5483686,-0.2263433
21_101545,51.5415178,-0.2637575
21_101546,51.5519169,-0.2861885
21_101549,51.5788886,-0.2851206
21_101554,51.5413704,-0.2142199
21_101555,51.5441162,-0.2505736
21_101556,51.5318786,-0.1997441
21_101574,51.5395091,-0.2079681
21_101635,51.4234651,0.0717712
21_101712,51.4031461,-0.1008563
21_101720,51.3870416,-0.1050672
21_101721,51.3870416,-0.1050672
21_101745,51.3999583,-0.1136001
21_101746,51.3999583,-0.1136001
21_101776,51.3932991,-0.0814232
21_101778,51.4144582,-0.1023671
21_101779,51.3689956,-0.089155
21_101783,51.4180986,-0.091636
21_101785,51.4099355,-0.1287251
21_101787,51.4127218,-0.0865021
21_101788,51.3727151,-0.049398
21_101795,51.422174,-0.1003425
21_101803,51.4225918,-0.0984062
21_101867,51.502263,-0.274166
21_101868,51.512069,-0.2539198
21_101869,51.5376082,-0.3486573
21_101870,51.5254193,-0.3173876
21_101873,51.5118522,-0.323386
21_101874,51.5073198,-0.3411895
21_101875,51.5337074,-0.2832631
21_101876,51.5185081,-0.2753808
21_101877,51.5161444,-0.3438804
21_101878,51.507475,-0.3818626
21_101879,51.532291,-0.3520132
21_101881,51.5153317,-0.3224356
21_101884,51.5130271,-0.3732337
21_101885,51.5325661,-0.3650331
21_101886,51.5369449,-0.3372189
21_101887,51.5084246,-0.3775293
21_101888,51.5170804,-0.3378927
21_101889,51.5188124,-0.253859
21_101890,51.5011781,-0.2566617
21_101891,51.5247659,-0.3643362
21_101893,51.4981447,-0.38184
21_101894,51.502177,-0.375427
21_101895,51.5101305,-0.2680872
21_101896,51.5220213,-0.3747242
21_101897,51.5013074,-0.3216364
21_101900,51.5003422,-0.3733581
21_101901,51.5509408,-0.3358377
21_101903,51.5248478,-0.3741096
21_101904,51.4989432,-0.3088826
21_101905,51.505195,-0.3305608
21_101906,51.5373836,-0.3098702
21_101907,51.5256203,-0.3592223
21_101909,51.4968511,-0.3752473
21_101911,51.4997078,-0.363792
21_101912,51.5230352,-0.3024702
21_101913,51.5129656,-0.384826
21_101916,51.5350754,-0.3081081
21_101919,51.497764,-0.3094029
21_101920,51.5264255,-0.3526651
21_101921,51.53775,-0.3145826
21_101922,51.5015037,-0.3808486
21_101923,51.52454,-0.3085912
21_101924,51.5108978,-0.3373304
21_101926,51.511952,-0.2735885
21_101927,51.532291,-0.3520132
21_101983,51.6600206,-0.0579071
21_101984,51.6591997,-0.0893363
21_101989,51.6238885,-0.0867013
21_101992,51.6134706,-0.1374437
21_101993,51.651119,-0.0679162
21_101996,51.6180116,-0.1020591
21_101997,51.6180116,-0.1020591
21_102003,51.6374372,-0.0719698
21_102004,51.6365363,-0.0735711
21_102005,51.6578363,-0.0553974
21_102006,51.6111303,-0.1088224
21_102014,51.6494958,-0.0489611
21_102022,51.6435019,-0.1396321
21_102024,51.6453144,-0.0632947
21_102025,51.6435636,-0.1127261
21_102026,51.6112534,-0.1055254
21_102029,51.6578082,-0.0771126
21_102030,51.6340179,-0.1275452
21_102032,51.6108668,-0.0671584
21_102033,51.6569565,-0.0449096
21_102034,51.6655453,-0.08708
21_102035,51.6346053,-0.0988766
21_102036,51.6491902,-0.0434576
21_102037,51.629345,-0.0562595
21_102038,51.660085,-0.0817401
21_102039,51.6230248,-0.1196883
21_102040,51.6153449,-0.1373498
21_102041,51.62534059999999,-0.06890450000000001
21_102054,51.6435918,-0.043715
21_102078,51.5928224,-0.0942253
21_102079,51.5924797,-0.09492049999999999
21_102080,51.6063854,-0.1234867
21_102081,51.6063854,-0.1234867
21_102084,51.5900054,-0.1224385
21_102085,51.5900054,-0.1224385
21_102087,51.6071553,-0.0808792
21_102091,51.5842389,-0.0687684
21_102092,51.5792324,-0.1543282
21_102094,51.6012612,-0.0707195
21_102097,51.5972864,-0.152508
21_102098,51.5884409,-0.1505522
21_102106,51.5838348,-0.1200868
21_102107,51.5836664,-0.1202144
21_102110,51.5806205,-0.1015746
21_102111,51.5806205,-0.1015746
21_102115,51.5848213,-0.0939319
21_102120,51.5778846,-0.0837134
21_102121,51.576381,-0.125898
21_102124,51.5879573,-0.0670466
21_102125,51.6041495,-0.0604439
21_102127,51.5851534,-0.0579853
21_102128,51.6008255,-0.1375623
21_102129,51.5806459,-0.0675529
21_102130,51.5794211,-0.1114178
21_102131,51.5955897,-0.0815069
21_102132,51.5758466,-0.1103859
21_102135,51.5739062,-0.1500417
21_102136,51.5868315,-0.149994
21_102139,51.5863038,-0.1147129
21_102142,51.5945393,-0.1487874
21_102143,51.6021801,-0.0705112
21_102144,51.5811085,-0.0861437
21_102145,51.5805871,-0.0863883
21_102146,51.5968787,-0.1143563
21_102147,51.5768107,-0.0895412
21_102148,51.5758975,-0.1182602
21_102149,51.6021801,-0.0705112
21_102150,51.6073266,-0.1317591
21_102151,51.5756679,-0.1206881
21_102152,51.5862804,-0.0975954
21_102188,51.603541,-0.2878446
21_102193,51.5945072,-0.2988214
21_102209,51.5998992,-0.2805001
21_102212,51.5945072,-0.2988214
21_102224,51.5929068,-0.2947637
21_102470,51.4930749,-0.2637203
21_102472,51.4816055,-0.2571136
21_102485,51.485088,-0.2723373
21_102493,51.4948844,-0.2963804
21_102494,51.4576987,-0.3306432
21_102496,51.4932688,-0.377871
21_102503,51.4865928,-0.2810359
21_102504,51.4865928,-0.2810359
21_102524,51.4847096,-0.3059332
21_102526,51.4893786,-0.3116313
21_102529,51.4882693,-0.2574454
21_102564,51.3990023,-0.2481476
21_102565,51.3990023,-0.2481476
21_102567,51.4159351,-0.2655882
21_102576,51.4159351,-0.2655882
21_102581,51.3856801,-0.2604142
21_102582,51.4048244,-0.2748076
21_102585,51.4038161,-0.265331
21_102587,51.3815314,-0.2582536
21_102594,51.4047876,-0.2673253
21_102626,51.4093646,-0.1656561
21_102628,51.4162764,-0.2099515
21_102629,51.4230343,-0.1855845
21_102632,51.3903017,-0.2162914
21_102633,51.412544,-0.2415325
21_102634,51.4062382,-0.2166845
21_102635,51.4201284,-0.1557465
21_102636,51.4097583,-0.1500161
21_102638,51.4138363,-0.1893898
21_102639,51.4101765,-0.2018701
21_102640,51.3927487,-0.2035762
21_102642,51.4172187,-0.1974101
21_102643,51.407835,-0.1808387
21_102644,51.4037724,-0.1992811
21_102645,51.4064921,-0.1609309
21_102646,51.3987241,-0.1412246
21_102647,51.4174418,-0.1767811
21_102648,51.4384859,-0.1970127
21_102649,51.3963648,-0.1949858
21_102652,51.4055257,-0.2353555
21_102653,51.397329,-0.1617693
21_102654,51.402869,-0.166709
21_102655,51.4001756,-0.2093455
21_102656,51.409194,-0.1709401
21_102661,51.402418,-0.1296628
21_102662,51.4129356,-0.2108104
21_102663,51.4188709,-0.1837623
21_102664,51.4143156,-0.2442581
21_102665,51.4225458,-0.1935563
21_102666,51.4268057,-0.2067179
21_102667,51.4002479,-0.1668559
21_102668,51.3998402,-0.2406228
21_102669,51.3900131,-0.1818297
21_102670,51.4174036,-0.2007739
21_102671,51.3958842,-0.2268146
21_102672,51.4238695,-0.1980766
21_102709,51.5363133,0.0580063
21_102710,51.5502639,0.0511735
21_102711,51.5246898,0.0453448
21_102712,51.5368182,-0.0062212
21_102716,51.5504218,0.0615581
21_102721,51.5528868,0.0298132
21_102722,51.5508615,0.0294595
21_102723,51.5247116,0.0167375
21_102725,51.51640829999999,0.0199066
21_102728,51.5380951,0.0538308
21_102729,51.5319342,0.0057633
21_102730,51.5502072,0.007598
21_102735,51.5501184,0.0180149
21_102736,51.5419482,0.0146783
21_102740,51.5212898,0.0446408
21_102742,51.54961249999999,0.0478481
21_102745,51.5425721,0.0425849
21_102746,51.5199233,0.0090317
21_102748,51.5375756,0.038168
21_102751,51.5108439,0.0623795
21_102752,51.5487885,0.0018133
21_102755,51.5304665,0.0305517
21_102758,51.5120687,0.039652
21_102759,51.51632420000001,0.0448874
21_102763,51.546672,0.0453377
21_102764,51.5493656,0.0175912
21_102765,51.5372016,0.0112741
21_102766,51.5136851,0.0143601
21_102798,51.5547081,0.0755244
21_102802,51.5990878,0.0805088
21_102805,51.594643,0.0687804
21_102806,51.5946932,0.056556
21_102808,51.5562024,0.086812
21_102811,51.5922056,0.0810108
21_102812,51.5757924,0.0842605
21_102819,51.5455943,0.0730553
21_102823,51.564051,0.0361404
21_102830,51.6040881,0.0544055
21_102831,51.6163452,0.0269355
21_102832,51.5859942,0.021769
21_102833,51.5846572,0.079123
21_102834,51.5475784,0.0835625
21_102839,51.5857269,0.0342737
21_102841,51.5785219,0.0237632
21_102842,51.5766178,0.0668944
21_102844,51.6167701,0.0233472
21_102884,51.469253,-0.2842031
21_102885,51.4652161,-0.2543042
21_102892,51.4837262,-0.2393035
21_102895,51.4531071,-0.3204764
21_102896,51.4442364,-0.3043842
21_102897,51.4610974,-0.2755959
21_102902,51.4696751,-0.2521462
21_102906,51.4547637,-0.298027
21_102908,51.4631595,-0.286464
21_102909,51.4683578,-0.2612781
21_102910,51.4580737,-0.2898442
21_102915,51.455962,-0.3227145
21_102919,51.4740006,-0.2454738
21_102921,51.4802623,-0.2855943
21_102982,51.3807343,-0.2317772
21_102993,51.3767361,-0.2218689
21_103032,51.614488,-0.0224645
21_103036,51.625232,0.0117798
21_103044,51.5536072,-0.0007007
21_103048,51.5641003,-0.003222
21_103052,51.5974081,-0.0128449
21_103053,51.57674,-0.029957
21_103054,51.5888094,-0.0248403
21_103059,51.6091683,0.0032777
21_103060,51.5977977,-0.0018657
21_103061,51.5933652,-0.0240547
21_103069,51.6060729,0.0090787
21_103070,51.5822716,-0.0053415
21_103072,51.5780213,-0.0275075
21_103073,51.5656405,-0.0091322
21_103074,51.5726825,0.0033273
21_103075,51.5668041,0.0091812
21_103077,51.5829472,-0.0315174
21_103078,51.5823695,-0.039735
21_103079,51.5856663,-0.0355675
21_103081,51.6245013,-0.014328
21_103082,51.5562548,0.0071122
21_103084,51.6289775,0.0024479
21_103085,51.631265,0.0029972
21_103086,51.5685852,-0.016123
21_103088,51.585289,-0.0353186
21_103090,51.5645266,-0.0247093
21_121792,51.5757179,-0.0648267
21_127046,51.5806142,0.0517152
21_130095,51.5619282,-0.294059
21_130302,51.5552196,-0.0467669
21_130303,51.5424963,-0.064822
21_130340,51.5348796,0.1149447
21_130342,51.52227329999999,-0.1121658
21_130343,51.61155669999999,-0.0108806
21_130352,51.49545759999999,-0.0263804
21_130358,51.5945515,-0.1158235
21_130381,51.5464302,0.0336452
21_130918,51.4609208,-0.0883964
21_130921,51.4452866,0.0400774
21_130932,51.5621346,-0.0753155
21_130995,51.5285642,0.0427513
21_130998,51.5823628,-0.2157636
21_131013,51.5676281,0.0562976
21_131057,51.5760411,-0.0353997
21_131096,51.5675797,-0.1069218
21_131109,51.4995545,0.0925471
21_131141,51.5333911,-0.0816292
21_131144,51.5033785,-0.3057515
21_131218,51.561297,-0.1159768
21_131246,51.4767627,-0.0094352
21_131247,51.4526242,-0.1396544
21_131304,51.5620983,0.1095294
21_131325,51.551907,-0.0845274
21_131340,51.462023,-0.1067562
21_131359,51.6079942,-0.2645208
21_131407,51.6143484,-0.0922815
21_131418,51.5341936,-0.1973923
21_131478,51.6030807,-0.1106927
21_131520,51.467672,-0.1680866
21_131595,51.5995091,-0.0952378
21_131617,51.5721645,-0.2077936
21_131625,51.5722997,0.0551051
21_131657,51.6362009,-0.1271267
21_131682,51.5941244,0.0798417
21_131706,51.5587652,-0.0847766
21_131731,51.5935152,-0.0732702
21_131737,51.5134837,-0.0668298
21_131740,51.5385738,-0.0898278
21_131741,51.5647738,-0.1119784
21_131773,51.5451881,-0.1019558
21_131775,51.5325512,0.0810237
21_131824,51.4353227,-0.1152412
21_131841,51.4856274,0.1132209
21_131842,51.5273128,-0.1061503
21_131843,51.478085,-0.0890695
21_131847,51.5648066,0.0771325
21_131871,51.5910187,-0.1410958
21_131874,51.4841695,-0.1122307
21_131879,51.5994716,-0.0772526
21_131916,51.5593826,-0.2337078
21_131930,51.5584041,0.0984267
21_131936,51.5137436,-0.0534191
21_131970,51.6087173,-0.2456007
21_132137,51.5482662,-0.0500881
21_132169,51.3867726,-0.1874542
21_132203,51.6294112,-0.09401020000000002
21_132245,51.5421134,-0.1954552
21_132253,51.5819721,-0.0835021
21_132266,51.4880644,-0.2966365
21_132789,51.5519466,0.0561729
21_132800,51.4873961,0.0896331
21_132812,51.531866,0.029281
21_132827,51.4774409,0.0649471
21_133288,51.5320668,-0.0509238
21_133315,51.4566381,-0.1290905
21_133343,51.47419410000001,-0.2766445
21_133364,51.5989324,-0.1978064
21_133365,51.5917477,-0.2576423
21_133486,51.4882693,-0.2574454
21_133574,51.5137032,-0.017753
21_133584,51.4696824,-0.1044413
21_133662,51.4524117,-0.1138579
21_133669,51.5457499,-0.0385996
21_133707,51.595403,-0.065808
21_133728,51.4613878,-0.2900051
21_133774,51.4042205,-0.1596777
21_133931,51.5924795,0.0332333
21_133932,51.5926746,0.0314256
21_133934,51.5795015,0.0705491
21_133935,51.5986283,0.0248648
21_133936,51.5986283,0.0248648
21_133938,51.5881744,0.0622516
21_133939,51.5881744,0.0622516
21_134009,51.4948592,-0.2168522
21_134041,51.4306479,-0.1677772
21_134160,51.5270379,-0.0291708
21_134273,51.4854484,-0.2050075
21_134307,51.6288955,-0.0739345
21_134507,51.4436775,-0.1188539
21_134677,51.6086909,-0.2526216
21_134680,51.586258,-0.090211
21_134681,51.5858713,-0.1042966
21_134780,51.4598954,0.08706
21_134903,51.4644015,-0.0640586
21_135086,51.5956992,-0.1892721
21_135193,51.5893131,-0.0081634
21_135226,51.5946537,-0.1679051
21_135261,51.4877408,-0.3726381
21_135482,51.4946971,-0.3693664
21_135614,51.45540889999999,-0.1302571
21_136362,51.5982978,-0.0265248
21_136364,51.6406392,-0.0069145
21_136402,51.6178472,-0.2713567
21_136413,51.592031,-0.0330119
21_136431,51.5206068,0.1086273
21_136445,51.5140864,-0.3043197
21_136564,51.3959735,-0.0925838
21_136565,51.3959735,-0.0925838
21_136566,51.3916087,-0.1032042
21_136599,51.4684967,0.1008511
21_136665,51.4516267,-0.0870623
21_136714,51.3941894,-0.1210138
21_136807,51.5578578,-0.1940036
21_136808,51.5948415,-0.1549419
21_136932,51.4978833,0.1261904
21_136934,51.57083189999999,0.0954082
21_136938,51.6158042,-0.2415791
21_136952,51.6357197,-0.0451402
21_137016,51.4891674,-0.0136301
21_137035,51.4035186,-0.0573445
21_137114,51.3786323,-0.0891116
21_137195,51.4088025,-0.0977437
21_137216,51.4043606,-0.0385409
21_137242,51.4068952,0.0074214
21_137295,51.4559493,-0.1201262
21_137303,51.5855717,-0.2147188
21_137323,51.5230496,-0.1924028
21_137331,51.5140804,-0.2422846
21_137380,51.4732273,0.1563807
21_137393,51.5389969,-0.0955292
21_137413,51.4761643,-0.0660117
21_137430,51.5012013,-0.1119288
21_137441,51.4779048,-0.0253434
21_137563,51.45662,-0.1652884
21_137566,51.5393788,-0.1024159
21_137569,51.5207971,-0.2831711
21_137648,51.5019601,-0.0356958
21_137682,51.5134018,-0.0330423
21_137959,51.4063268,-0.1056677
21_138203,51.6518036,-0.0447935
21_138258,51.5866745,-0.0130257
21_138272,51.5680596,-0.2001642
21_138276,51.5226902,-0.0380844
21_138335,51.4103049,-0.1006438
21_138364,51.5660465,-0.0211046
21_138446,51.5982328,-0.057284
21_138447,51.5876827,-0.085191
21_138502,51.3873866,-0.08052410000000002
21_138588,51.5961774,-0.1019913
21_138589,51.6001735,-0.1136904
21_138612,51.3896702,-0.0701285
21_138680,51.5144621,-0.2354214
21_138683,51.4918692,-0.1304091
21_138684,51.528196,0.104022
21_138688,51.6045617,-0.2803845
21_138690,51.5756646,-0.0009442999999999998
21_139016,51.5901987,-0.0043868
21_139115,51.4906715,0.1593599
21_139169,51.5384136,-0.1690901
21_139175,51.5993452,-0.1120149
21_139176,51.6024143,-0.0637567
21_139177,51.6041382,-0.0646623
21_139212,51.4779416,0.1732284
21_139213,51.49015139999999,0.1437512
21_139240,51.5899494,-0.0694151
21_139259,51.5988358,-0.0144571
21_139317,51.5979347,-0.0355031
21_139423,51.5099517,-0.0191342
21_139488,51.5252853,-0.3382703
21_139489,51.6125528,-0.2609619
21_139494,51.459636,0.148757
21_139546,51.4945606,-0.2303859
21_139549,51.4684732,-0.266394
21_139562,51.62687,-0.1740601
21_139592,51.426971,-0.1621991
21_139633,51.5770821,-0.2314732
21_139645,51.5256938,-0.2117228
21_139672,51.467902,-0.0439058
21_139678,51.4154029,-0.053117
21_139687,51.4519203,-0.2453825
21_139699,51.5051433,-0.265885
21_139723,51.5666768,-0.0187857
21_139724,51.5704983,-0.0272709
21_139775,51.4391063,-0.1554605
21_139814,51.549873,-0.0525149
21_139817,51.5825207,-0.2484852
21_139820,51.5124775,-0.2283803
21_139824,51.5314101,-0.2087828
21_139830,51.5321999,-0.2172794
21_139837,51.5383866,-0.1319332
21_139869,51.4932688,-0.377871
21_139898,51.4879276,-0.1400832
21_139905,51.3732777,-0.0447852
21_139907,51.45307260000001,-0.09280769999999999
21_139940,51.4878811,-0.1392251
21_139966,51.416538,-0.0588899
21_139984,51.4149085,0.0142405
21_140050,51.5253137,-0.171025
21_140064,51.5143524,-0.0036001
21_140080,51.4206936,-0.0474434
21_140096,51.5336221,-0.0312401
21_140213,51.4962088,-0.2050072
21_140222,51.4688648,-0.2286866
21_140236,51.629496,-0.2729315
21_140260,51.3740281,-0.2142171
21_140295,51.5666479,0.0904056
21_140320,51.4698482,0.1615532
21_140321,51.4698482,0.1615532
21_140405,51.5753316,-0.0233267
21_140423,51.4473074,-0.1891185
21_140426,51.5467302,-0.0231323
21_140434,51.3840432,-0.1048912
21_140435,51.36536419999999,-0.0980062
21_140443,51.4689347,0.1530528
21_140451,51.4134063,-0.0465729
21_140495,51.5723798,-0.1339286
21_140507,51.472767,-0.0617369
21_140532,51.4466266,0.1109955
21_140533,51.4245573,0.0423014
21_140601,51.6099707,-0.2079042
21_140648,51.4139645,-0.0561074
21_140674,51.3938654,-0.0631278
21_140682,51.4765141,-0.1712993
21_140683,51.3999583,-0.1136001
21_140686,51.5377702,-0.1273423
21_140710,51.4465824,0.096198
21_140752,51.4097118,0.0313824
21_140811,51.4945606,-0.2303859
21_140833,51.5523027,-0.232855
21_140840,51.386335,-0.0916979
21_140934,51.401766,-0.0247281
21_140937,51.4554026,-0.0763034
21_140963,51.49403450000001,-0.3672136
21_140967,51.3967041,-0.1163069
21_141017,51.6125113,-0.0513108
21_141027,51.4081684,-0.1927361
21_141039,51.4895708,-0.0055994
21_141047,51.4676987,0.1296643
21_141119,51.399024,-0.0710817
21_141120,51.403916,-0.0979623
21_141143,51.4020889,-0.1385949
21_141154,51.54465920000001,-0.2113793
21_141209,51.6083256,-0.06838849999999999
21_141296,51.5532287,0.0601064
21_141481,51.4293109,0.0454182
21_141529,51.4106272,0.0731679
21_141535,51.4141865,-0.0145906
21_141566,51.4118562,0.0255377
21_141576,51.5628143,-0.0650859
21_141651,51.5283922,0.1028593
21_141666,51.4800551,-0.0783487
21_141672,51.5489848,-0.2370365
21_141685,51.4727954,-0.1895102
21_141734,51.6170391,-0.0133354
21_141748,51.5997179,-0.0243377
21_141750,51.5518431,-0.07236039999999999
21_141751,51.5402394,-0.197186
21_141866,51.4841918,0.1504212
21_141876,51.3889403,-0.1782928
21_141889,51.468917,0.1704743
21_141902,51.5036298,-0.2378604
21_141925,51.5223496,0.0178494
21_141927,51.5098734,0.026251
21_141976,51.437663,0.1014405
21_142012,51.4557768,-0.310318
21_142033,51.4191661,0.07224839999999999
21_142090,51.4660711,-0.07357219999999999
21_142110,51.5064303,-0.2605681
21_142112,51.5392997,-0.07749099999999999
21_142114,51.606723,-0.268074
21_142133,51.522505,0.1164124
21_142226,51.380195,-0.094704
21_142229,51.4378459,0.1014947
21_142233,51.4288312,0.0498131
21_142246,51.3791535,-0.0973366
21_142255,51.5491991,-0.0623063
21_142256,51.4719615,-0.2043356
21_142267,51.5350089,0.029597
21_142295,51.4740623,0.1182597
21_142298,51.380139,-0.023348
21_142299,51.3947663,-0.0452677
21_142300,51.3924495,-0.0211335
21_142379,51.3902041,-0.0921407
21_142398,51.3745359,-0.2370012
21_142403,51.4162328,-0.0269005
21_142456,51.4471087,0.0068756
21_142558,51.5875792,-0.2893181
21_142584,51.4207122,0.0131629
21_142586,51.4640812,0.0844193
21_142610,51.3845577,-0.0807194
21_142632,51.5336758,0.0184142
21_142636,51.5616444,-0.2138963
21_142699,51.5365447,0.1001762
21_142703,51.5338561,-0.2393281
21_142708,51.533205,0.0493026
21_142713,51.5604157,0.0050619
21_142718,51.5523014,-0.2729432
21_142726,51.5345747,0.0246595
21_142731,51.3946156,-0.0835887
21_142772,51.6283827,-0.1382953
21_142861,51.3678459,-0.1041498
21_142874,51.6651508,-0.1043197
21_142875,51.4902377,-0.0596596
21_143020,51.5233684,-0.09681
21_143033,51.4029041,-0.015079
21_143079,51.5059084,0.1106642
21_143085,51.4405681,0.1071806
21_143110,51.4208989,0.063859
21_143118,51.5227086,-0.3280302
21_143133,51.41299,-0.1501532
21_143178,51.3851559,-0.0743892
21_143198,51.6223373,-0.0747693
21_143199,51.6643884,-0.07927
21_143201,51.6140386,-0.1250575
21_143202,51.6552369,-0.0359274
21_143209,51.4771142,0.0899866
21_143210,51.4634301,0.0193019
21_143211,51.493681,0.0114782
21_143212,51.48039,-0.2214554
21_143213,51.4839483,-0.1975778
21_143214,51.4710361,-0.198654
21_143276,51.5247266,0.0068606
21_143277,51.5209114,0.0253867
21_143383,51.6060117,-0.0075912
21_143384,51.5643323,0.0123323
21_143432,51.4614511,0.1378371
21_143592,51.4869293,0.0760049
21_143593,51.4795361,0.094125
21_143594,51.4890963,0.0500995
21_143596,51.4859312,0.0820367
21_143597,51.4847802,0.0154716
21_143598,51.4454198,0.0259679
21_143599,51.4625758,0.0620542
21_143601,51.4489158,0.0856172
21_143617,51.5598771,0.0807446
21_143628,51.3803754,-0.2148237
21_143668,51.5001859,0.027217
21_143739,51.455827,-0.1924462
21_143774,51.4115614,-0.068934
21_143866,51.4796028,0.1349945
21_143867,51.4796028,0.1349945
21_143868,51.4643615,0.1266324
21_143881,51.5195355,0.0339499
21_143882,51.5329999,0.0435062
21_143883,51.5025379,0.0474555
21_143922,51.4816368,0.1652042
21_144035,51.5365921,0.07538009999999999
21_144091,51.4536531,0.0659614
21_144139,51.5306749,0.0107858
21_144140,51.5196228,0.0225489
21_144141,51.5420792,0.0529317
21_144142,51.5303969,0.0207019
21_144235,51.5170228,-0.0282439
21_144236,51.512927,-0.0184095
21_144238,51.5831421,-0.0034817
21_144239,51.5738053,-0.0300442
21_144287,51.4092799,-0.0236652
21_144308,51.436533,-0.0941584
21_144382,51.3689956,-0.089155
21_144527,51.502838,0.022487
21_144540,51.4931118,0.1384417
21_144549,51.4098534,-0.0590633
21_144621,51.4612867,-0.1497695
21_144626,51.4072472,-0.0826063
21_144653,51.6096722,-0.1682369
21_144699,51.5215877,-0.0221961
21_144838,51.3881363,-0.2200453
21_144889,51.4690008,0.1217168
21_145030,51.4499023,-0.2435186
21_145045,51.6054468,0.0463577
21_145060,51.4739739,-0.1388976
21_145071,51.5055548,0.1219933
21_145087,51.514866,0.0264636
21_145088,51.5475631,0.0179907
21_145130,51.4608229,-0.0765378
21_145201,51.6600206,-0.0579071
21_145204,51.4056753,-0.046708
21_145207,51.6320279,-0.09580219999999999
21_145210,51.4332371,0.0576623
21_145215,51.4845202,0.0714398
21_145235,51.5452631,0.0429512
21_145280,51.4731702,-0.1571297
21_145362,51.5397772,0.0305639
21_145363,51.5122159,0.0170213
21_145364,51.5330585,0.0609054
21_145365,51.5133569,0.0364396
21_145366,51.526527,0.0594944
21_145367,51.5245905,0.0367912
21_145368,51.5131764,0.0679835
21_145406,51.5141259,-0.3647451
21_145481,51.3763087,-0.2388049
21_145522,51.6303088,-0.0662013
21_145599,51.6293576,0.0345322
21_145610,51.5721698,-0.07328609999999999
21_145614,51.4451585,-0.1219876
21_145615,51.427088,-0.1357004
21_145616,51.426966,-0.1018822
21_145621,51.4379946,-0.0524356
21_145627,51.5398093,0.0370221
21_145718,51.5648079,-0.244654
21_145730,51.5724528,-0.0703191
21_145731,51.5487456,-0.1265543
21_145888,51.48552309999999,-0.0644204
21_145955,51.6331273,-0.0448967
21_145984,51.6487737,-0.0343447
21_146100,51.4589784,-0.0416245
21_146116,51.5619015,-0.2330061
21_146117,51.4888087,-0.0826634
21_146127,51.3857127,-0.2381201
21_146160,51.3840893,-0.1988875
21_146179,51.5615652,-0.2608927
21_146191,51.4277202,-0.1597593
21_146214,51.4622483,-0.1748626
21_146221,51.4772896,-0.0378986
21_146225,51.39077,-0.04878
21_146368,51.4743811,-0.1104879
21_146401,51.4098884,-0.1353935
21_146543,51.3955397,-0.07331460000000001
21_146549,51.4217088,-0.1414289
21_146662,51.61466979999999,-0.1742422
21_146663,51.6391802,-0.1276323
21_146669,51.4863505,-0.0986133
21_146681,51.6144225,0.0208304
21_146721,51.5633943,-0.2254196
21_146724,51.4108938,-0.1127779
21_146728,51.6347827,-0.0548247
21_146803,51.6034316,-0.2685179
21_146862,51.6386785,-0.05916
21_146868,51.6245597,-0.1291312
21_146870,51.4729979,0.1492689
21_146882,51.6120313,-0.0616974
21_146892,51.5109764,0.1220751
21_146900,51.6122757,-0.0814974
21_146915,51.5182781,0.0564088
21_146935,51.6180446,-0.0595321
21_146946,51.6180292,-0.0610186
21_147179,51.620516,0.0071021
21_147180,51.608326,-0.022574
21_147240,51.461472,0.102728
21_147327,51.4417902,-0.152381
21_147328,51.5356092,0.07766039999999999
21_147332,51.4906715,0.1593599
21_147334,51.4278402,-0.2590687
21_147335,51.533468,0.0363217
21_147336,51.5477391,0.0071878
21_147337,51.5751191,0.0199825
21_147340,51.5580998,0.0856855
21_147355,51.4798588,-0.0474347
21_147363,51.4324842,0.015407
21_147706,51.5620514,-0.2070911
21_147970,51.4025417,-0.1718909
21_147971,51.3874754,-0.1225837
21_148012,51.5013324,-0.096515
21_148025,51.5411624,0.0244486
21_148352,51.3800875,-0.1158941
21_148438,51.4930353,-0.1624571
21_148574,51.4698372,-0.0874636
21_148614,51.5042792,0.1115214
21_148615,51.4609358,0.0233405
21_148623,51.5318876,-0.0090329
21_148681,51.5092617,-0.0279872
21_148769,51.5152638,-0.0718345
21_148971,51.3867052,-0.0403969
21_148972,51.5485346,0.0585828
21_149084,51.5026039,-0.0094944
21_149113,51.3700587,-0.110174
21_149114,51.3700587,-0.110174
21_149346,51.4997943,-0.069071
21_149373,51.4675918,0.1402378
21_149488,51.5292643,-0.1838851
21_149520,51.5711021,0.0958667
21_149556,51.4398835,-0.1160745
21_149604,51.4621493,-0.0809727
21_149605,51.4920291,-0.0500428
21_149641,51.5111703,-0.2335958
21_149683,51.47050249999999,0.0416277
21_149684,51.4924779,0.1166918
21_150068,51.4868414,0.0952829
21_150082,51.4843305,-0.2103126
21_150114,51.6526195,-0.1082886
21_150274,51.574423,-0.2069573
21_150551,51.4490639,-0.0722149
21_150552,51.42657819999999,-0.0410279
21_150663,51.6292452,-0.0495401
21_150664,51.5303762,0.0577657
22_100006,51.5544451,-0.1610486
22_100007,51.5278925,-0.140574
22_100103,51.460639,0.0383941
22_100388,51.5373933,-0.108622
22_100391,51.5479263,-0.1131426
22_100889,51.5240978,-0.0472914
22_100994,51.4261783,-0.163563
22_101255,51.6339921,-0.1704051
22_102708,51.5254707,0.0315727
22_108892,51.4355175,-0.1701524
22_130856,51.4549741,0.0107115
22_131201,51.4774717,-0.3338704
22_131584,51.6017831,-0.1145077
22_132077,51.4423061,-0.2172917
22_133660,51.5888256,-0.266104
22_133749,51.60648219999999,-0.2711481
22_133754,51.3876122,-0.1912392
22_134274,51.5345429,-0.1120849
22_134597,51.537256,-0.3460617
22_134635,51.5291869,-0.0892662
22_134846,51.5662226,-0.293651
22_135260,51.4818479,-0.0749787
22_135558,51.6441066,-0.0088097
22_137328,51.6083013,-0.024084
22_137677,51.6441066,-0.0088097
22_139509,51.4756003,-0.2182815
22_139829,51.3985512,-0.0782735
22_140201,51.4935497,-0.2331233
22_140806,51.5368899,-0.1767796
22_140807,51.51369769999999,-0.2197936
22_141130,51.5319502,-0.1138563
22_141139,51.55119029999999,0.0011774
22_144407,51.4944284,0.1226447
22_148250,51.539883,-0.2421976
22_149450,51.4828266,-0.1064945
22_149606,51.3682398,-0.09904439999999999
25_100060,51.5221111,-0.1195488
25_100091,51.5373221,-0.1271541
25_100092,51.5442491,-0.1471711
25_100094,51.5532265,-0.1652982
25_100096,51.54075899999999,-0.171741
25_100204,51.4488883,0.0375632
25_100307,51.5520556,-0.0628516
25_100311,51.553238,-0.0790751
25_100312,51.5470667,-0.0370579
25_100379,51.5162863,-0.2340428
25_100381,51.5099842,-0.2317957
25_100382,51.5120186,-0.2364843
25_100467,51.5360443,-0.09820140000000001
25_100469,51.54963499999999,-0.0960202
25_100549,51.48439459999999,-0.1817017
25_100643,51.4462966,-0.096889
25_100654,51.466409,-0.1198287
25_100659,51.447941,-0.1165751
25_100760,51.4318842,-0.0400342
25_100763,51.4276284,0.0014923
25_100765,51.4330523,0.0027032
25_100766,51.4255322,-0.0219203
25_100872,51.4781357,-0.1013432
25_100875,51.50043549999999,-0.1184664
25_100876,51.468759,-0.0920093
25_100878,51.4810629,-0.0692469
25_100879,51.500753,-0.0892657
25_100880,51.4803243,-0.0762365
25_100881,51.4724094,-0.07213359999999999
25_100987,51.5271224,-0.0268387
25_100989,51.5243264,-0.0304797
25_101094,51.4510286,-0.1556688
25_101099,51.4494232,-0.2162055
25_101102,51.4638777,-0.2491435
25_101103,51.4374506,-0.1845901
25_101182,51.514858,-0.1918016
25_101184,51.5256234,-0.2017864
25_101395,51.6269963,-0.2567008
25_101396,51.625314,-0.15805
25_101397,51.5616444,-0.2138963
25_101487,51.44185,0.1030489
25_101581,51.5545198,-0.2581791
25_101697,51.428006,0.0722609
25_101851,51.3951732,-0.1000999
25_101856,51.4195059,-0.0947182
25_101966,51.5227086,-0.3280302
25_101968,51.5508822,-0.3365517
25_101970,51.51796849999999,-0.3279864
25_101971,51.510341,-0.3388233
25_102067,51.6223373,-0.0747693
25_102069,51.6424406,-0.1447856
25_102070,51.6512448,-0.043944
25_102175,51.5942109,-0.1506301
25_102176,51.6047794,-0.0624134
25_102177,51.5955897,-0.0815069
25_102178,51.6039114,-0.1007765
25_102697,51.4084257,-0.2298751
25_102698,51.3978364,-0.1945925
25_102699,51.4017467,-0.1686973
25_102881,51.588743,0.0445777
25_115466,51.6083119,0.0647398
25_130958,51.66204,-0.05601010000000001
25_131023,51.5130153,-0.0375219
25_131697,51.575763,-0.0075352
25_133316,51.6054904,-0.2884397
25_133401,51.4875829,0.0808855
25_133440,51.4361663,-0.1231957
25_135175,51.4908244,-0.2132253
25_135534,51.5868315,-0.149994
25_136423,51.4326894,0.012193
25_138454,51.6007776,-0.0333727
25_138547,51.4819827,0.0407814
25_139600,51.5322001,-0.2080026
25_140138,51.45824649999999,-0.0541049
25_140197,51.6062912,0.0037791
25_140795,51.5953977,-0.0030194
25_140796,51.5724879,-0.2541217
25_141255,51.5382872,0.0035154
25_141605,51.5381527,-0.1089954
25_142134,51.522505,0.1164124
25_142928,51.4922332,-0.1135664
25_143175,51.4393326,-0.1689203
25_143217,51.548214,-0.1273803
25_143275,51.5288623,0.060603
25_143595,51.4783278,0.093355
25_143630,51.52481880000001,-0.013473
25_143702,51.5684605,-0.129552
25_143731,51.5425675,-0.2115269
25_143745,51.4783903,-0.0854308
25_143758,51.6542733,-0.198924
25_143865,51.5886377,-0.1773397
25_144053,51.53624,-0.2208225
25_144406,51.4619279,0.1225295
25_144752,51.5930134,-0.2190772
25_144784,51.6355347,-0.1551643
25_145591,51.3786217,-0.0278785
25_145709,51.4433328,-0.2134066
25_145917,51.590724,-0.0921507
25_146190,51.4907559,-0.0676259
25_146212,51.5917635,-0.2605378
25_146885,51.4716136,0.1715556
25_147793,51.5072814,-0.2423287
25_148562,51.5231972,-0.2196743
25_148582,51.4890136,0.1550678
25_148768,51.3823764,-0.0809034
25_149331,51.4614331,-0.1002003
25_149777,51.5322851,0.0337958
27_100068,51.5480375,-0.1788785
27_100073,51.5531725,-0.1685177
27_100074,51.5543481,-0.1749493
27_100077,51.5477572,-0.1585665
27_100078,51.5578789,-0.1780295
27_100082,51.5494709,-0.1465649
27_100087,51.55153199999999,-0.2073012
27_100198,51.47473300000001,0.0173441
27_100203,51.4670802,0.0094466
27_100287,51.5738622,-0.0731097
27_100289,51.5660209,-0.0640524
27_100291,51.5746499,-0.08177179999999999
27_100293,51.5745644,-0.08014879999999999
27_100294,51.57243020000001,-0.0658895
27_100295,51.5666036,-0.0697988
27_100296,51.56713389999999,-0.0708063
27_100298,51.5742314,-0.06846619999999999
27_100299,51.5680375,-0.08148609999999999
27_100300,51.5674127,-0.0613084
27_100303,51.4986392,-0.0180247
27_100371,51.4958715,-0.2178691
27_100372,51.47593089999999,-0.2012197
27_100462,51.5245955,-0.1004633
27_100463,51.5203187,-0.0992103
27_100516,51.4927363,-0.1827047
27_100518,51.4973806,-0.1611827
27_100530,51.4743296,-0.1743082
27_100532,51.5205448,-0.2088698
27_100534,51.4984136,-0.1873612
27_100536,51.5112131,-0.1896218
27_100542,51.510265,-0.1980284
27_100543,51.5000288,-0.1727602
27_100545,51.5197805,-0.2169152
27_100547,51.4953248,-0.1766135
27_100651,51.4454334,-0.1354235
27_100982,51.5155767,-0.0631688
27_101065,51.457305,-0.2165015
27_101067,51.4630168,-0.2090985
27_101069,51.4243459,-0.2053489
27_101075,51.4592208,-0.1975434
27_101080,51.4402942,-0.1547848
27_101084,51.4604903,-0.1669899
27_101086,51.4148838,-0.2216095
27_101090,51.432411,-0.1635153
27_101091,51.4589252,-0.1493071
27_101160,51.4940918,-0.154884
27_101164,51.513824,-0.163028
27_101168,51.5348361,-0.1766746
27_101171,51.5196103,-0.1613517
27_101174,51.5308281,-0.1671334
27_101175,51.4610557,-0.1749563
27_101181,51.528454,-0.2154214
27_101368,51.5912972,-0.2171291
27_101375,51.5797719,-0.1757839
27_101378,51.6170642,-0.2364152
27_101380,51.6219347,-0.2738616
27_101381,51.5826068,-0.1737038
27_101383,51.6158969,-0.2476276
27_101385,51.5992182,-0.1979859
27_101387,51.6082156,-0.263721
27_101388,51.5874878,-0.2176519
27_101484,51.4284185,0.1003315
27_101573,51.5210092,-0.3355326
27_101575,51.5395091,-0.2079681
27_101576,51.5398611,-0.2095327
27_101684,51.4100257,0.034381
27_101687,51.406855,-0.0133144
27_101695,51.4173906,0.0814926
27_101843,51.360036,-0.080151
27_101946,51.5240732,-0.2950367
27_101953,51.5012018,-0.3739406
27_101955,51.5115754,-0.3081103
27_101958,51.5140128,-0.2799982
27_102063,51.6378377,-0.1398131
27_102171,51.5710942,-0.0915033
27_102547,51.4975648,-0.2533253
27_102550,51.4957943,-0.2828396
27_102618,51.39732559999999,-0.2626477
27_102685,51.41927800000001,-0.2403477
27_102690,51.419705,-0.2231895
27_102693,51.4162875,-0.2264914
27_102694,51.39635329999999,-0.23981
27_102867,51.5809607,0.05821710000000001
27_102872,51.6147066,0.0256632
27_102938,51.4782089,-0.2867523
27_102945,51.4451744,-0.3049851
27_102947,51.5132153,-0.1232021
27_102948,51.48502190000001,-0.2443637
27_102950,51.4817536,-0.2469315
27_103111,51.5927317,-0.0682041
27_109774,51.40099679999999,-0.1660737
27_126620,51.5631062,0.0652903
27_130239,51.4673531,-0.1927406
27_130243,51.5480732,-0.0807149
27_130398,51.4551914,-0.1580413
27_130826,51.6210198,-0.2764229
27_131026,51.5800901,-0.2395018
27_131059,51.5433341,-0.2142251
27_131121,51.583384,-0.213513
27_131165,51.486462,-0.209722
27_131170,51.5708509,-0.08143510000000001
27_131237,51.49154480000001,-0.0512654
27_131261,51.5798104,-0.2360442
27_131291,51.5549683,-0.1737583
27_131342,51.5663771,-0.05987899999999999
27_131343,51.5221356,-0.0839129
27_131362,51.5464904,-0.0877411
27_131388,51.5124827,-0.05839019999999999
27_131403,51.5856831,-0.223621
27_131662,51.440259,-0.1864904
27_131745,51.5263672,-0.05346
27_131788,51.51249290000001,-0.2734049
27_131830,51.6533338,-0.1999398
27_131978,51.55232900000001,-0.1713993
27_132066,51.4796381,0.0158571
27_132237,51.46484299999999,-0.1733616
27_132736,51.5648159,-0.0704786
27_132788,51.5205022,-0.2132094
27_132791,51.5372931,-0.08415420000000001
27_132797,51.5159305,-0.0561866
27_132848,51.5643973,-0.0091468
27_133307,51.5223901,-0.044429
27_133385,51.532592,-0.1964713
27_133439,51.5645373,-0.0840179
27_133449,51.5581606,-0.05882279999999999
27_133517,51.5632809,-0.0059621
27_133533,51.5896615,-0.218493
27_133553,51.5736367,-0.2328941
27_133646,51.5174821,-0.0658667
27_134010,51.4728762,-0.2077281
27_134084,51.5642954,-0.0013891
27_134142,51.46992400000001,-0.07779
27_134145,51.458492,-0.1786017
27_134192,51.5213644,-0.1767564
27_134388,51.76683689999999,0.4757762
27_134417,51.5397479,0.0074229
27_134577,51.5477128,0.0348956
27_134580,51.628472,-0.0514097
27_134585,51.3791675,-0.08895829999999999
27_134591,51.5421153,0.0411141
27_134594,51.4078324,-0.1640628
27_134627,51.54459199999999,0.0253174
27_134668,51.490688,-0.2680605
27_134764,51.5902015,-0.2407955
27_134782,51.5320382,-0.1136651
27_134810,51.5174821,-0.0658667
27_134822,51.5167754,-0.1608135
27_135072,51.6243057,-0.2361035
27_135140,51.5366107,-0.1468123
27_135155,51.5120691,-0.3837834
27_135167,51.5507678,-0.1745955
27_135277,51.4733082,-0.1724911
27_135373,51.5844065,-0.2655315
27_135409,51.5003041,-0.09154179999999999
27_135493,51.5126939,-0.3203143
27_135616,51.5072605,-0.2732497
27_135683,51.5765002,-0.1221894
27_135729,51.50575360000001,-0.2240783
27_135794,51.5151479,-0.2500465
27_135901,51.4902265,-0.0419955
27_135988,51.5958443,-0.069106
27_135989,51.5072178,-0.1275862
27_136014,51.6162901,-0.2748801
27_136015,51.5752937,-0.06835179999999999
27_136052,51.5473625,0.0071347
27_136057,51.5173081,-0.2081479
27_136092,51.45641999999999,0.0408562
27_136100,51.4512221,0.0490211
27_136110,51.4507566,-0.2553717
27_136231,51.5826645,-0.263794
27_136244,51.5909781,0.0583055
27_136263,51.61803039999999,-0.1847427
27_136746,51.5441868,0.0770748
27_136747,51.5061555,-0.2110471
27_136817,51.57379470000001,-0.0755066
27_137502,51.5746669,-0.2096689
27_137505,51.572717,-0.0733632
27_137808,51.5641703,-0.05240189999999999
27_137809,51.5711066,-0.0723261
27_138101,51.5669049,-0.0714535
27_138386,51.4613623,0.1154345
27_138406,51.4542995,-0.1834854
27_138516,51.57455419999999,-0.07969559999999999
27_138564,51.5142678,-0.06197
27_138599,51.5113078,-0.2103699
27_138777,51.552253,-0.1529637
27_138801,51.5481868,0.0031593
27_138803,51.4908535,-0.1113252
27_139221,51.5164291,-0.06514020000000001
27_139239,51.5200205,-0.1444661
27_139415,51.5156092,-0.16173
27_139417,51.4024125,-0.1876803
27_139601,51.5169423,-0.0719665
27_139811,51.2622513,-0.4672517
27_139826,51.5629663,0.06659849999999999
27_139973,51.5469511,-0.1037986
27_140039,51.4799793,0.1440092
27_140066,51.4903016,-0.2861612
27_140356,51.4216279,-0.09224349999999999
27_140492,51.579285,-0.2420107
27_140496,51.4044338,-0.1618182
27_141247,51.6158712,-0.1339873
27_141250,51.5443958,-0.0978995
27_141315,51.4940187,0.1106974
27_141701,51.4762222,-0.0960862
27_142329,51.5665579,-0.2736435
27_142334,51.53267839999999,0.08092629999999999
27_142336,51.5175946,-0.1505459
27_142408,51.5182383,-0.1298621
27_142572,51.5746137,-0.08136729999999999
27_142621,51.368635,-0.1097678
27_142832,51.4988333,-0.3296673
27_143036,51.624319,-0.0579953
27_143037,51.56901939999999,-0.185727
27_143048,51.493515,-0.2339455
27_143406,51.55773629999999,0.09407489999999999
27_143530,51.52163170000001,-0.1459879
27_143640,51.5332415,-0.2752457
27_143838,51.4639504,-0.0148467
27_143933,51.4297994,-0.0126345
27_144516,51.49138019999999,-0.1864607
27_144727,51.5819019,-0.1998523
27_144774,51.3749524,-0.2231999
27_144795,51.5052662,-0.1468442
27_144965,51.4863389,-0.2206945
27_145164,51.4376684,-0.1870164
27_145295,51.5916986,-0.1417927
27_145849,51.5470415,-0.2945076
27_145946,51.5788319,-0.1982305
27_146277,51.4450877,-0.0079125
27_146729,51.432411,-0.1635153
27_146748,51.5744959,-0.0729045
27_147025,51.5398943,-0.2092753
27_147027,51.3791604,-0.0891083
27_147184,51.377078,-0.1064928
27_147199,51.4508358,0.062962
27_147296,51.5742128,-0.08326349999999999
27_147312,51.5642045,-0.05909569999999999
27_147455,51.4000974,-0.1869547
27_147547,51.462568,-0.2519637
27_147732,51.4743799,-0.0903868
27_147908,51.3870638,-0.2520696
27_147957,51.5295018,-0.19887
27_147986,51.4212695,-0.09565
27_147991,51.4445339,0.0510209
27_148043,51.3921697,-0.0910597
27_148071,51.5590217,0.1091923
27_148153,51.5130855,-0.2975399
27_148155,51.6184927,-0.1738053
27_148244,51.5412228,0.0836589
27_148358,51.6530003,-0.0820095
27_148600,51.4959502,-0.280312
27_148652,51.5846551,-0.2152287
27_148807,51.5085609,-0.2766565
27_149018,51.5240041,-0.0715001
27_149145,51.5860478,-0.2931497
27_149148,51.5148862,-0.06130929999999999
27_149158,51.5189974,-0.1142219
27_149185,51.4578893,-0.1205328
27_149212,51.6173591,0.0596898
27_149443,51.36750900000001,-0.09656050000000001
27_149444,51.3674226,-0.09211259999999999
27_149481,51.3848534,-0.0995047
27_149566,51.5205507,-0.1259799
27_149692,51.46628500000001,-0.3009753
27_149715,51.4335065,-0.1358348
27_149762,51.46680749999999,-0.1891321
27_149904,51.4939397,-0.0929131
27_149908,51.491153,0.09429979999999999
27_149917,51.4339071,-0.1227581
27_150298,51.5598094,-0.1445503
27_150733,51.4335065,-0.1358348
28_100171,51.4915247,0.0610573
28_100590,51.413594,-0.1360628
28_100749,51.4547256,0.0074719
28_101244,51.5418692,0.0909548
28_102856,51.5667144,0.0838693
28_103080,51.5574208,0.0146934
28_103119,51.59129950000001,-0.2261234
28_134314,51.5477074,-0.1094934
28_135242,51.5217428,-0.169844
28_135264,51.4649319,0.0003392
28_135507,51.6123628,-0.1677682
28_135584,51.4953427,-0.0926424
28_135600,51.5656528,-0.279507
28_135958,51.6426222,-0.0378186
28_135968,51.3824551,-0.0638648
28_137093,51.4329557,-0.1197701
28_138196,51.5382872,0.0035154
28_138518,51.561886,0.0916067
28_139319,51.5660824,-0.2882175
28_139703,51.5484731,-0.006857599999999999
28_139720,51.4851874,-0.3371835
28_140373,51.5323685,0.0648056
28_140475,51.550315,0.0892337
28_140935,51.5912675,-0.0608111
28_140962,51.5324291,0.1323699
28_143197,51.6340682,-0.0791605
28_143379,51.5187013,-0.0239274
28_144739,51.5362413,-0.0143549
28_145106,51.5683848,-0.0136798
28_145140,51.4938199,0.1393653
28_150318,51.4524967,-0.0305631
28_150351,51.463314,-0.0154914
